{"cameraMode":{"drawMode":0,"name":"Shaded","section":"Shading Mode"},"sceneLighting":true,"audioPlay":false,"sceneViewState":{"showFog":true,"showMaterialUpdate":false,"showSkybox":false,"showFlares":true,"showImageEffects":true,"showParticleSystems":true},"in2DMode":false,"pivot":{"x":11.019699096679688,"y":-62.60090637207031,"z":7.087579727172852},"rotation":{"x":0.4740552604198456,"y":0.5211389064788818,"z":-0.4504861831665039,"w":0.5484050512313843},"size":122.92704772949219,"orthographic":false}