{"cameraMode":{"drawMode":0,"name":"Shaded","section":"Shading Mode"},"sceneLighting":true,"audioPlay":false,"sceneViewState":{"showFog":true,"showMaterialUpdate":false,"showSkybox":false,"showFlares":true,"showImageEffects":true,"showParticleSystems":true},"in2DMode":false,"pivot":{"x":-13.905462265014649,"y":-2.2054286003112795,"z":12.055695533752442},"rotation":{"x":-0.06164336949586868,"y":0.4895610213279724,"z":-0.03472389280796051,"w":-0.8690940141677856},"size":18.19126319885254,"orthographic":false}